[
	{
		"marketId": "3105",
		"stateId": "",
		"statePostalCode": "NY",
		"city": "Albany",
		"offices": [
			{
				"id": "3226",
				"heading": "Latham Office",
				"paragraph": "20 Century Hill Dr<br/>Latham, NY<br/>12110<br> P+:  844-867-3224",
				"email": "spectrumreach@spectrum.com"
			},
			{
				"id": "3227",
				"heading": "Malone Office",
				"paragraph": "11 State St<br/>Malone, NY<br/>12953<br> P+:  844-867-3224",
				"email": "spectrumreach@spectrum.com"
			},
			{
				"id": "3217",
				"heading": "Pittsfield, MA Office",
				"paragraph": "4 Federico Dr<br/>Pittsfield, MA<br/>01201<br> P+:  844-867-3224",
				"email": "spectrumreach@spectrum.com"
			}
		]
	},
	{
		"marketId": "257",
		"stateId": "282",
		"statePostalCode": "MI",
		"city": "Alpena",
		"offices": [
			{
				"id": "127",
				"heading": "Alpena Office",
				"paragraph": "2074 M-32<br/>Alpena, MI<br/>49707<br> P+:  844-867-3224",
				"email": "spectrumreach@spectrum.com"
			}
		]
	},
	{
		"marketId": "3107",
		"stateId": "3159",
		"statePostalCode": "TX",
		"city": "Austin",
		"offices": [
			{
				"id": "3161",
				"heading": "Austin Office",
				"paragraph": "11501 Alterra Pkwy<br/>Suite 400<br/>Austin, TX<br/>78758<br> P+:  844-867-3224",
				"email": "spectrumreach@spectrum.com"
			},
			{
				"id": "3285",
				"heading": "San Marcos Office",
				"paragraph": "1120 TX-123<br/>PO Box 1008<br/>San Marcos, TX<br/>78666<br> P+:  844-867-3224",
				"email": "spectrumreach@spectrum.com"
			}
		]
	},
	{
		"marketId": "3407",
		"stateId": "51",
		"statePostalCode": "CA",
		"city": "Bakersfield",
		"offices": [
			{
				"id": "3412",
				"heading": "Bakersfield Office",
				"paragraph": "4450 California Ave<br/>Suite A<br/>Bakersfield, CA<br/>93309<br> P+:  844-867-3224",
				"email": "spectrumreach@spectrum.com"
			}
		]
	},
	{
		"marketId": "3109",
		"stateId": "3160",
		"statePostalCode": "ME",
		"city": "Bangor",
		"offices": [
			{
				"id": "3162",
				"heading": "Bangor, ME Office",
				"paragraph": "444 Perry Rd<br/>Bangor, ME<br/>04401<br> P+:  888-867-3224",
				"email": ""
			}
		]
	},
	{
		"marketId": "234",
		"stateId": "66|67",
		"statePostalCode": "MT",
		"city": "Billings",
		"offices": [
			{
				"id": "76",
				"heading": "Billings Office",
				"paragraph": "2727 Central Ave<br/>Billings, MT<br/>59102<br> P+:  844-867-3224",
				"email": "spectrumreach@spectrum.com"
			}
		]
	},
	{
		"marketId": "3110",
		"stateId": "3158|3163",
		"statePostalCode": "NY",
		"city": "Binghamton",
		"offices": [
			{
				"id": "3233",
				"heading": "Vestal Office",
				"paragraph": "120 Plaza Dr<br/>Suite D<br/>Vestal, NY<br/>13850<br> P+:  844-867-3224",
				"email": "spectrumreach@spectrum.com"
			}
		]
	},
	{
		"marketId": "271",
		"stateId": "285",
		"statePostalCode": "AL",
		"city": "Birmingham",
		"offices": [
			{
				"id": "87",
				"heading": "Birmingham Office",
				"paragraph": "2501 20th Pl S<br/>Suite 200<br/>Birmingham, AL<br/>35223<br> P+:  844-867-3224",
				"email": "spectrumreach@spectrum.com"
			},
			{
				"id": "88",
				"heading": "Gadsden Office",
				"paragraph": "307 Broad St<br/>Gadsden, AL<br/>35901<br> P+:  844-867-3224",
				"email": "spectrumreach@spectrum.com"
			},
			{
				"id": "569",
				"heading": "Tuscaloosa Office",
				"paragraph": "2306 11th St<br/>Tuscaloosa, AL<br/>35401<br> P+:  844-867-3224",
				"email": "spectrumreach@spectrum.com"
			}
		]
	},
	{
		"marketId": "3112",
		"stateId": "3158|3163",
		"statePostalCode": "NY",
		"city": "Buffalo",
		"offices": [
			{
				"id": "3234",
				"heading": "Buffalo Office",
				"paragraph": "268 Main St<br/>Buffalo, NY<br/>14202<br> P+:  844-867-3224",
				"email": "spectrumreach@spectrum.com"
			},
			{
				"id": "3237",
				"heading": "Jamestown Office",
				"paragraph": "120 E 2nd St<br/>PO Box 6011<br/>Jamestown, NY<br/>14701<br> P+:  844-867-3224",
				"email": "spectrumreach@spectrum.com"
			},
			{
				"id": "3238",
				"heading": "Olean Office",
				"paragraph": "121 Albany Ave<br/>Olean, NY<br/>14760<br> P+:  844-867-3224",
				"email": "spectrumreach@spectrum.com"
			}
		]
	},
	{
		"marketId": "235",
		"stateId": "66",
		"statePostalCode": "MT",
		"city": "Butte",
		"offices": [
			{
				"id": "81",
				"heading": "Bozeman Office",
				"paragraph": "1165 N 14th Ave<br/>Suite 3<br/>Bozeman, MT<br/>59715<br> P+:  844-867-3224",
				"email": "spectrumreach@spectrum.com"
			},
			{
				"id": "79",
				"heading": "Butte Office",
				"paragraph": "201 E Front St<br/>Butte, MT<br/>59701<br> P+:  844-867-3224",
				"email": "spectrumreach@spectrum.com"
			}
		]
	},
	{
		"marketId": "236",
		"stateId": "67",
		"statePostalCode": "WY",
		"city": "Casper/Riverton",
		"offices": [
			{
				"id": "82",
				"heading": "Casper Office",
				"paragraph": "111 W 2nd St<br/>Suite 620<br/>Casper, WY<br/>82601<br> P+:  844-867-3224",
				"email": "spectrumreach@spectrum.com"
			}
		]
	},
	{
		"marketId": "3114",
		"stateId": "287",
		"statePostalCode": "SC",
		"city": "Charleston",
		"offices": []
	},
	{
		"marketId": "272",
		"stateId": "286",
		"statePostalCode": "NC",
		"city": "Charlotte",
		"offices": [
			{
				"id": "161",
				"heading": "Boone Office",
				"paragraph": "719 Greenway Rd<br/>Suite G<br/>Boone, NC<br/>28607<br> P+:  844-867-3224",
				"email": "spectrumreach@spectrum.com"
			},
			{
				"id": "163",
				"heading": "Hickory Office",
				"paragraph": "1305 10th Ave Ln SE<br/>Hickory, NC<br/>28602<br> P+:  844-867-3224",
				"email": "spectrumreach@spectrum.com"
			}
		]
	},
	{
		"marketId": "3108",
		"stateId": "286|287",
		"statePostalCode": "NC",
		"city": "Charlotte",
		"offices": [
			{
				"id": "3245",
				"heading": "Charlotte Office",
				"paragraph": "316 W Morehead St<br/>Charlotte, NC<br/>28202<br> P+:  844-867-3224",
				"email": "spectrumreach@spectrum.com"
			},
			{
				"id": "3246",
				"heading": "Morehead Square Office",
				"paragraph": "1001 Morehead Square Dr<br/>Suite 200<br/>Charlotte, NC<br/>28203<br> P+:  844-867-3224",
				"email": "spectrumreach@spectrum.com"
			}
		]
	},
	{
		"marketId": "237",
		"stateId": "67",
		"statePostalCode": "WY",
		"city": "Cheyenne/Scotts",
		"offices": [
			{
				"id": "198",
				"heading": "Cheyenne Office",
				"paragraph": "2617 E Lincolnway<br/>Suite E<br/>Cheyenne, WY<br/>82001<br> P+:  844-867-3224",
				"email": "spectrumreach@spectrum.com"
			},
			{
				"id": "83",
				"heading": "Scottsbluff Office",
				"paragraph": "1204 Ave B<br/>Suite 3<br/>Scottsbluff, NE<br/>69361<br> P+:  844-867-3224",
				"email": "spectrumreach@spectrum.com"
			}
		]
	},
	{
		"marketId": "238",
		"stateId": "51",
		"statePostalCode": "CA",
		"city": "Chico/Redding",
		"offices": [
			{
				"id": "93",
				"heading": "Chico Office",
				"paragraph": "1560 Humboldt Rd<br/>Suite 4<br/>Chico, CA<br/>95928<br> P+:  844-867-3224",
				"email": "spectrumreach@spectrum.com"
			},
			{
				"id": "96",
				"heading": "Redding Office",
				"paragraph": "5835 Eastside Rd<br/>Redding, CA<br/>96001<br> P+:  844-867-3224",
				"email": "spectrumreach@spectrum.com"
			}
		]
	},
	{
		"marketId": "3111",
		"stateId": "3165|3166|43",
		"statePostalCode": "OH",
		"city": "Cincinnati",
		"offices": [
			{
				"id": "3269",
				"heading": "Blue Ash Office",
				"paragraph": "9825 Kenwood Rd<br/>Blue Ash, OH<br/>45242<br> P+:  844-867-3224",
				"email": "spectrumreach@spectrum.com"
			},
			{
				"id": "3256",
				"heading": "Edgewood Office",
				"paragraph": "100 Barnwood Dr<br/>Edgewood, KY<br/>41017<br> P+:  844-867-3224",
				"email": "spectrumreach@spectrum.com"
			}
		]
	},
	{
		"marketId": "3113",
		"stateId": "3168",
		"statePostalCode": "WV",
		"city": "Clarksburg",
		"offices": [
			{
				"id": "3242",
				"heading": "Fairmont Office",
				"paragraph": "1000 Technology Dr<br/>Fairmont, WV<br/>26554<br> P+:  844-867-3224",
				"email": "spectrumreach@spectrum.com"
			}
		]
	},
	{
		"marketId": "3115",
		"stateId": "3165",
		"statePostalCode": "OH",
		"city": "Cleveland",
		"offices": [
			{
				"id": "3265",
				"heading": "Broadview Heights Office",
				"paragraph": "9100 S Hills Blvd<br/>Suite 250<br/>Broadview Heights, OH<br/>44147<br> P+:  844-867-3224",
				"email": "spectrumreach@spectrum.com"
			}
		]
	},
	{
		"marketId": "3106",
		"stateId": "287",
		"statePostalCode": "SC",
		"city": "Columbia",
		"offices": [
			{
				"id": "3249",
				"heading": "West Columbia Office",
				"paragraph": "3347 Platt Springs Rd<br/>West Columbia, SC<br/>29170<br> P+:  844-867-3224",
				"email": "spectrumreach@spectrum.com"
			}
		]
	},
	{
		"marketId": "3116",
		"stateId": "3165",
		"statePostalCode": "OH",
		"city": "Columbus",
		"offices": [
			{
				"id": "3259",
				"heading": "Columbus Office",
				"paragraph": "580 N 4th St<br/>Suite 350<br/>Columbus, OH<br/>43215<br> P+:  844-867-3224",
				"email": "spectrumreach@spectrum.com"
			},
			{
				"id": "3257",
				"heading": "Heath Office",
				"paragraph": "667 Hopewell Dr<br/>Heath, OH<br/>43056<br> P+:  844-867-3224",
				"email": "spectrumreach@spectrum.com"
			},
			{
				"id": "3258",
				"heading": "Lancaster Office",
				"paragraph": "1315 Granville Pike<br/>Lancaster, OH<br/>43130<br> P+:  844-867-3224",
				"email": "spectrumreach@spectrum.com"
			}
		]
	},
	{
		"marketId": "3117",
		"stateId": "3159",
		"statePostalCode": "TX",
		"city": "Corpus Christi",
		"offices": [
			{
				"id": "3283",
				"heading": "Corpus Christi Office",
				"paragraph": "4455 S Padre Island Dr<br/>Corpus Christi, TX<br/>78411<br> P+:  844-867-3224",
				"email": "spectrumreach@spectrum.com"
			}
		]
	},
	{
		"marketId": "3118",
		"stateId": "3159",
		"statePostalCode": "TX",
		"city": "Dallas/Ft Worth",
		"offices": [
			{
				"id": "3277",
				"heading": "Dallas Office",
				"paragraph": "13727 Noel Rd<br/>Suite 500<br/>Dallas, TX<br/>75240<br> P+:  844-867-3224",
				"email": "spectrumreach@spectrum.com"
			}
		]
	},
	{
		"marketId": "3119",
		"stateId": "3166|3165",
		"statePostalCode": "OH",
		"city": "Dayton",
		"offices": [
			{
				"id": "3270",
				"heading": "Dayton Office",
				"paragraph": "8087 Washington Village Dr<br/>Suite 204<br/>Dayton, OH<br/>45458<br> P+:  844-867-3224",
				"email": "spectrumreach@spectrum.com"
			}
		]
	},
	{
		"marketId": "258",
		"stateId": "283|284|282",
		"statePostalCode": "MN",
		"city": "Duluth/Superior",
		"offices": [
			{
				"id": "134",
				"heading": "Duluth Office",
				"paragraph": "640 Garfield Ave<br/>Duluth, MN<br/>55802<br> P+:  844-867-3224",
				"email": "spectrumreach@spectrum.com"
			},
			{
				"id": "135",
				"heading": "International Falls Office",
				"paragraph": "1215 3rd Ave<br/>International Falls, MN<br/>56649<br> P+:  844-267-3224",
				"email": "spectrumreach@spectrum.com"
			}
		]
	},
	{
		"marketId": "3120",
		"stateId": "3195|3159",
		"statePostalCode": "TX",
		"city": "El Paso",
		"offices": [
			{
				"id": "3286",
				"heading": "El Paso Office",
				"paragraph": "1155 Westmoreland Dr<br/>Suite 115<br/>El Paso, TX<br/>79925<br> P+:  844-867-3224",
				"email": "spectrumreach@spectrum.com"
			}
		]
	},
	{
		"marketId": "3121",
		"stateId": "3158|3163",
		"statePostalCode": "NY",
		"city": "Elmira",
		"offices": [
			{
				"id": "3236",
				"heading": "Hornell Office",
				"paragraph": "166 Main St<br/>Hornell, NY<br/>14843<br> P+:  844-867-3224",
				"email": "spectrumreach@spectrum.com"
			},
			{
				"id": "3239",
				"heading": "Horseheads Office",
				"paragraph": "3311 S Main St<br/>Horseheads, NY<br/>14845<br> P+:  844-867-3224",
				"email": "spectrumreach@spectrum.com"
			}
		]
	},
	{
		"marketId": "3122",
		"stateId": "3163",
		"statePostalCode": "PA",
		"city": "Erie",
		"offices": [
			{
				"id": "3241",
				"heading": "Erie Office",
				"paragraph": "2028 Filmore Ave<br/>Erie, PA<br/>16506<br> P+:  844-867-3224",
				"email": "spectrumreach@spectrum.com"
			}
		]
	},
	{
		"marketId": "259",
		"stateId": "282",
		"statePostalCode": "MI",
		"city": "Flint/Saginaw",
		"offices": [
			{
				"id": "129",
				"heading": "Saginaw Office",
				"paragraph": "1625 Concentric Blvd<br/>Saginaw, MI<br/>48604<br> P+:  844-867-3224",
				"email": "spectrumreach@spectrum.com"
			}
		]
	},
	{
		"marketId": "240",
		"stateId": "227",
		"statePostalCode": "CO",
		"city": "Grand Junction",
		"offices": [
			{
				"id": "102",
				"heading": "Grand Junction Office",
				"paragraph": "2472 Patterson Rd<br/>Unit 10<br/>Grand Junction, CO<br/>81505<br> P+:  844-867-3224",
				"email": "spectrumreach@spectrum.com"
			}
		]
	},
	{
		"marketId": "1187",
		"stateId": "282",
		"statePostalCode": "MI",
		"city": "Grand Rapids",
		"offices": [
			{
				"id": "124",
				"heading": "Grand Haven Office",
				"paragraph": "1433 Fulton St<br/>Grand Haven, MI<br/>49417<br> P+:  844-867-3224",
				"email": "spectrumreach@spectrum.com"
			},
			{
				"id": "125",
				"heading": "Portage Office",
				"paragraph": "4176 Commercial Ave<br/>Portage, MI<br/>49002<br> P+:  844-867-3224",
				"email": "spectrumreach@spectrum.com"
			}
		]
	},
	{
		"marketId": "241",
		"stateId": "66",
		"statePostalCode": "MT",
		"city": "Great Falls",
		"offices": [
			{
				"id": "151",
				"heading": "Great Falls Office",
				"paragraph": "1301 11th Ave S<br/>Great Falls, MT<br/>59405<br> P+:  844-867-3224",
				"email": "spectrumreach@spectrum.com"
			}
		]
	},
	{
		"marketId": "3124",
		"stateId": "284",
		"statePostalCode": "WI",
		"city": "Green Bay",
		"offices": [
			{
				"id": "3273",
				"heading": "Appleton Office",
				"paragraph": "3520 East Destination Drive<br/>Appleton, WI<br/>54915<br> P+:  844-867-3224",
				"email": "spectrumreach@spectrum.com"
			}
		]
	},
	{
		"marketId": "273",
		"stateId": "286|287",
		"statePostalCode": "SC",
		"city": "Green/Spart/Ash",
		"offices": [
			{
				"id": "160",
				"heading": "Asheville Office",
				"paragraph": "89 Peachtree Rd<br/>Suite 200<br/>Asheville, NC<br/>28803<br> P+:  844-867-3224",
				"email": "spectrumreach@spectrum.com"
			},
			{
				"id": "176",
				"heading": "Greenville Office",
				"paragraph": "125 The Parkway<br/>Suite 200<br/>Greenville, SC<br/>29615<br> P+:  844-867-3224",
				"email": "spectrumreach@spectrum.com"
			}
		]
	},
	{
		"marketId": "3125",
		"stateId": "286",
		"statePostalCode": "NC",
		"city": "Greenville",
		"offices": []
	},
	{
		"marketId": "3127",
		"stateId": "3159",
		"statePostalCode": "TX",
		"city": "Harlingen",
		"offices": [
			{
				"id": "3284",
				"heading": "McAllen Office",
				"paragraph": "1400 N McColl Rd<br/>Suite 206<br/>McAllen, TX<br/>78501<br> P+:  844-867-3224",
				"email": "spectrumreach@spectrum.com"
			}
		]
	},
	{
		"marketId": "242",
		"stateId": "66|67",
		"statePostalCode": "MT",
		"city": "Helena",
		"offices": [
			{
				"id": "153",
				"heading": "Helena Office",
				"paragraph": "951 W Custer Ave<br/>Helena, MT<br/>59602<br> P+:  844-867-3224",
				"email": "spectrumreach@spectrum.com"
			}
		]
	},
	{
		"marketId": "3128",
		"stateId": "",
		"statePostalCode": "HI",
		"city": "Honolulu",
		"offices": [
			{
				"id": "3347",
				"heading": "Honolulu Office",
				"paragraph": "200 Akamainui St<br/>Mililani, HI<br/>96789<br> P+:  844-867-3224",
				"email": "spectrumreach@spectrum.com"
			}
		]
	},
	{
		"marketId": "275",
		"stateId": "285",
		"statePostalCode": "AL",
		"city": "Huntsville/Decatur",
		"offices": [
			{
				"id": "89",
				"heading": "Huntsville Office",
				"paragraph": "1500 Perimeter Pkwy NW<br/>Suite 315<br/>Huntsville, AL<br/>35806<br> P+:  844-867-3224",
				"email": "spectrumreach@spectrum.com"
			}
		]
	},
	{
		"marketId": "243",
		"stateId": "67",
		"statePostalCode": "WY",
		"city": "Idaho Falls/Poca",
		"offices": [
			{
				"id": "809",
				"heading": "Jackson, WY Office",
				"paragraph": "145 E Snow King Ave<br/>Jackson, WY<br/>83001<br> P+:  844-867-3224",
				"email": "spectrumreach@spectrum.com"
			}
		]
	},
	{
		"marketId": "276",
		"stateId": "48",
		"statePostalCode": "TN",
		"city": "Jackson",
		"offices": [
			{
				"id": "182",
				"heading": "Jackson Office",
				"paragraph": "913 North Pkwy<br/>Suite D<br/>Jackson, TN<br/>38305<br> P+:  844-867-3224",
				"email": "spectrumreach@spectrum.com"
			}
		]
	},
	{
		"marketId": "3129",
		"stateId": "3206|58",
		"statePostalCode": "MO",
		"city": "Kansas City",
		"offices": [
			{
				"id": "3275",
				"heading": "Overland Park Office",
				"paragraph": "9225 Indian Creek Pkwy<br/>Overland Park, KS<br/>66210<br> P+:  844-867-3224",
				"email": "spectrumreach@spectrum.com"
			}
		]
	},
	{
		"marketId": "261",
		"stateId": "284",
		"statePostalCode": "WI",
		"city": "La Crosse",
		"offices": [
			{
				"id": "188",
				"heading": "Altoona Office",
				"paragraph": "1201 McCann Dr<br/>Altoona, WI<br/>54720<br> P+:  844-867-3224",
				"email": "spectrumreach@spectrum.com"
			},
			{
				"id": "189",
				"heading": "Onalaska Office",
				"paragraph": "1621 Main St<br/>Onalaska, WI<br/>54650<br> P+:  844-867-3224",
				"email": "spectrumreach@spectrum.com"
			}
		]
	},
	{
		"marketId": "3130",
		"stateId": "3159",
		"statePostalCode": "TX",
		"city": "Laredo",
		"offices": [
			{
				"id": "3281",
				"heading": "Laredo Office",
				"paragraph": "6402 N Bartlett Ave<br/>Unit 7<br/>Laredo, TX<br/>78041<br> P+:  844-867-3224",
				"email": "spectrumreach@spectrum.com"
			}
		]
	},
	{
		"marketId": "3131",
		"stateId": "43",
		"statePostalCode": "KY",
		"city": "Lexington",
		"offices": [
			{
				"id": "3255",
				"heading": "Lexington Office",
				"paragraph": "101 Prosperous Pl<br/>Lexington, KY<br/>40509<br> P+:  844-867-3224",
				"email": "spectrumreach@spectrum.com"
			}
		]
	},
	{
		"marketId": "3132",
		"stateId": "3165",
		"statePostalCode": "OH",
		"city": "Lima",
		"offices": [
			{
				"id": "3271",
				"heading": "Lima Office",
				"paragraph": "3656 Allentown Rd<br/>Lima, OH<br/>45807<br> P+:  844-867-3224",
				"email": "spectrumreach@spectrum.com"
			}
		]
	},
	{
		"marketId": "244",
		"stateId": "54",
		"statePostalCode": "NE",
		"city": "Linc/Hast/Kearn",
		"offices": [
			{
				"id": "166",
				"heading": "Grand Island Office",
				"paragraph": "205 N Webb Rd<br/>Grand Island, NE<br/>68803<br> P+:  844-867-3224",
				"email": "spectrumreach@spectrum.com"
			},
			{
				"id": "167",
				"heading": "Hastings Office",
				"paragraph": "2303 W 2nd St<br/>Hastings, NE<br/>68901<br> P+:  844-867-3224",
				"email": "spectrumreach@spectrum.com"
			},
			{
				"id": "168",
				"heading": "Kearney Office",
				"paragraph": "809 Central Ave<br/>Kearney, NE<br/>68847<br> P+:  844-867-3224",
				"email": "spectrumreach@spectrum.com"
			}
		]
	},
	{
		"marketId": "3133",
		"stateId": "54",
		"statePostalCode": "NE",
		"city": "Lincoln",
		"offices": [
			{
				"id": "3276",
				"heading": "Lincoln Office",
				"paragraph": "4645 Normal Blvd<br/>Lincoln, NE<br/>68506<br> P+:  844-867-3224",
				"email": "spectrumreach@spectrum.com"
			}
		]
	},
	{
		"marketId": "3134",
		"stateId": "51",
		"statePostalCode": "CA",
		"city": "Los Angeles",
		"offices": [
			{
				"id": "3296",
				"heading": "Burbank Blvd Office",
				"paragraph": "21800 Burbank Blvd<br/>Los Angeles, CA<br/>91367<br> P+:  844-867-3224",
				"email": "spectrumreach@spectrum.com"
			},
			{
				"id": "3306",
				"heading": "Camarillo Office",
				"paragraph": "751 E Daily Dr<br/>Camarillo, CA<br/>93010<br> P+:  844-867-3224",
				"email": "spectrumreach@spectrum.com"
			},
			{
				"id": "3291",
				"heading": "Cypress Office",
				"paragraph": "6021 Katella Ave<br/>Suite 100<br/>Cypress, CA<br/>90630<br> P+:  844-867-3224",
				"email": "spectrumreach@spectrum.com"
			},
			{
				"id": "3290",
				"heading": "El Segundo Office",
				"paragraph": "2345 Alaska Ave<br/>El Segundo, CA<br/>90245<br> P+:  844-867-3224",
				"email": "spectrumreach@spectrum.com"
			},
			{
				"id": "3304",
				"heading": "Laguna Hills Office",
				"paragraph": "23046 Avenida De La Carlota<br/>#400<br/>Laguna Hills, CA<br/>92653<br> P+:  844-867-3224",
				"email": "spectrumreach@spectrum.com"
			},
			{
				"id": "3292",
				"heading": "Long Beach Office",
				"paragraph": "5000 E Spring St<br/>Suite 360<br/>Long Beach, CA<br/>90815<br> P+:  844-867-3224",
				"email": "spectrumreach@spectrum.com"
			},
			{
				"id": "3297",
				"heading": "Ontario Office",
				"paragraph": "4100 E Jurupa St<br/>Ontario, CA<br/>91761<br> P+:  844-867-3224",
				"email": "spectrumreach@spectrum.com"
			},
			{
				"id": "3308",
				"heading": "Palmdale Office",
				"paragraph": "39115 Trade Center Dr<br/>Suite # 215<br/>Palmdale, CA<br/>93551<br> P+:  844-867-3224",
				"email": "spectrumreach@spectrum.com"
			},
			{
				"id": "3293",
				"heading": "Pasadena Office",
				"paragraph": "199 S Los Robles Ave<br/>Suite 770<br/>Pasadena, CA<br/>91101<br> P+:  844-867-3224",
				"email": "spectrumreach@spectrum.com"
			},
			{
				"id": "3301",
				"heading": "Redlands Office",
				"paragraph": "1869 W Redlands Blvd<br/>Redlands, CA<br/>92373<br> P+:  844-867-3224",
				"email": "spectrumreach@spectrum.com"
			},
			{
				"id": "3305",
				"heading": "Santa Anna Office",
				"paragraph": "6 Hutton Centre Dr<br/>#150<br/>Santa Ana, CA<br/>92707<br> P+:  844-867-3224",
				"email": "spectrumreach@spectrum.com"
			},
			{
				"id": "3288",
				"heading": "Santa Monica Blvd Office",
				"paragraph": "11150 Santa Monica Blvd<br/>Suite 1000<br/>Los Angeles, CA<br/>90025<br> P+:  844-867-3224",
				"email": "spectrumreach@spectrum.com"
			},
			{
				"id": "3289",
				"heading": "Sunset Blvd Office",
				"paragraph": "6430 Sunset Blvd<br/>Los Angeles, CA<br/>90028<br> P+:  844-867-3224",
				"email": "spectrumreach@spectrum.com"
			},
			{
				"id": "3303",
				"heading": "Temecula Office",
				"paragraph": "27555 Ynez Rd<br/>Suite 203<br/>Temecula, CA<br/>92591<br> P+:  844-867-3224",
				"email": "spectrumreach@spectrum.com"
			},
			{
				"id": "3295",
				"heading": "Valencia Office",
				"paragraph": "27433 Tourney Rd<br/>Suite 100<br/>Santa Clarita, CA<br/>91355<br> P+:  844-867-3224",
				"email": "spectrumreach@spectrum.com"
			},
			{
				"id": "3302",
				"heading": "Victorville Office",
				"paragraph": "14344 Cajon Ave<br/>Suite 1<br/>Victorville, CA<br/>92392<br> P+:  84-4867-3224",
				"email": "spectrumreach@spectrum.com"
			}
		]
	},
	{
		"marketId": "3135",
		"stateId": "43|3166",
		"statePostalCode": "KY",
		"city": "Louisville",
		"offices": [
			{
				"id": "3254",
				"heading": "Commerce Crossing Office",
				"paragraph": "4701 Commerce Crossings Dr<br/>Louisville, KY<br/>40229<br> P+:  844-867-3224",
				"email": "spectrumreach@spectrum.com"
			},
			{
				"id": "3253",
				"heading": "Ormsby Park Office",
				"paragraph": "10350 Ormsby Park Pl<br/>Louisville, KY<br/>40223<br> P+:  844-867-3224",
				"email": "spectrumreach@spectrum.com"
			}
		]
	},
	{
		"marketId": "262",
		"stateId": "284",
		"statePostalCode": "WI",
		"city": "Madison",
		"offices": [
			{
				"id": "190",
				"heading": "Janesville Office",
				"paragraph": "519 Midland Ct<br/>Suite 1<br/>Janesville, WI<br/>53546<br> P+:  844-867-3224",
				"email": "spectrumreach@spectrum.com"
			},
			{
				"id": "193",
				"heading": "Madison Office",
				"paragraph": "1241 John Q Hammons Dr<br/>Suite 502<br/>Madison, WI<br/>53717<br> P+:  844-867-3224",
				"email": "spectrumreach@spectrum.com"
			}
		]
	},
	{
		"marketId": "263",
		"stateId": "283",
		"statePostalCode": "MN",
		"city": "Mankato",
		"offices": [
			{
				"id": "818",
				"heading": "Rosemount, MN Office",
				"paragraph": "15025 Glazier Ave<br/>Suite 102<br/>Apple Valley, MN<br/>55124<br> P+:  844-867-3224",
				"email": "spectrumreach@spectrum.com"
			}
		]
	},
	{
		"marketId": "264",
		"stateId": "282",
		"statePostalCode": "MI",
		"city": "Marquette",
		"offices": [
			{
				"id": "126",
				"heading": "Marquette Office",
				"paragraph": "700 W Washington St<br/>Suite A<br/>Marquette, MI<br/>49855<br> P+:  844-867-3224",
				"email": "spectrumreach@spectrum.com"
			}
		]
	},
	{
		"marketId": "245",
		"stateId": "233",
		"statePostalCode": "OR",
		"city": "Medford/Klamath",
		"offices": [
			{
				"id": "173",
				"heading": "Medford Office",
				"paragraph": "113 S Grape St<br/>Medford, OR<br/>97501<br> P+:  844-867-3224",
				"email": "spectrumreach@spectrum.com"
			}
		]
	},
	{
		"marketId": "265",
		"stateId": "284",
		"statePostalCode": "WI",
		"city": "Milwaukee",
		"offices": [
			{
				"id": "195",
				"heading": "Sheboygan Office",
				"paragraph": "1623 Broadway Ave<br/>Sheboygan, WI<br/>53081<br> P+:  844-867-3224",
				"email": "spectrumreach@spectrum.com"
			}
		]
	},
	{
		"marketId": "3136",
		"stateId": "284",
		"statePostalCode": "WI",
		"city": "Milwaukee",
		"offices": [
			{
				"id": "3272",
				"heading": "Milwaukee Office",
				"paragraph": "1320 N Doctor M.L.K. Dr<br/>Milwaukee, WI<br/>53212<br> P+:  844-867-3224",
				"email": "spectrumreach@spectrum.com"
			}
		]
	},
	{
		"marketId": "266",
		"stateId": "283|284",
		"statePostalCode": "MN",
		"city": "Minn/St. Paul",
		"offices": [
			{
				"id": "138",
				"heading": "Buffalo Office",
				"paragraph": "101 6th St NE<br/>Buffalo, MN<br/>55313<br> P+:  844-867-3224",
				"email": "spectrumreach@spectrum.com"
			},
			{
				"id": "139",
				"heading": "Waite Park / St. Cloud Office",
				"paragraph": "400 Sundial Dr<br/>Waite Park, MN<br/>56387<br> P+:  844-867-3224",
				"email": "spectrumreach@spectrum.com"
			}
		]
	},
	{
		"marketId": "246",
		"stateId": "66",
		"statePostalCode": "MT",
		"city": "Missoula",
		"offices": [
			{
				"id": "155",
				"heading": "Kalispell Office",
				"paragraph": "333 1st Ave E<br/>Kalispell, MT<br/>59901<br> P+:  844-867-3224",
				"email": "spectrumreach@spectrum.com"
			},
			{
				"id": "157",
				"heading": "Missoula Office",
				"paragraph": "1724 Fairview Ave<br/>Suite B<br/>Missoula, MT<br/>59801<br> P+:  844-867-3224",
				"email": "spectrumreach@spectrum.com"
			}
		]
	},
	{
		"marketId": "277",
		"stateId": "285",
		"statePostalCode": "AL",
		"city": "Montgomery",
		"offices": [
			{
				"id": "91",
				"heading": "Montgomery Office",
				"paragraph": "3321 Kessinger Dr<br/>Montgomery, AL<br/>36116<br> P+:  844-867-3224",
				"email": "spectrumreach@spectrum.com"
			}
		]
	},
	{
		"marketId": "3123",
		"stateId": "287|286",
		"statePostalCode": "SC",
		"city": "Myrtle Beach-Florence",
		"offices": [
			{
				"id": "3250",
				"heading": "Florence Office",
				"paragraph": "3235 S Cashua Dr<br/>Florence, SC<br/>29501<br> P+:  844-867-3224",
				"email": "spectrumreach@spectrum.com"
			},
			{
				"id": "3251",
				"heading": "Myrtle Beach Office",
				"paragraph": "2024 Corporate Centre Dr<br/>Myrtle Beach, SC<br/>29577<br> P+:  844-867-3224",
				"email": "spectrumreach@spectrum.com"
			}
		]
	},
	{
		"marketId": "3137",
		"stateId": "3158|3163",
		"statePostalCode": "NY",
		"city": "New York",
		"offices": [
			{
				"id": "3222",
				"heading": "Broadway Office",
				"paragraph": "1633 Broadway<br/>39th Floor<br/>New York, NY<br/>10019<br> P+:  844-867-3224",
				"email": "spectrumreach@spectrum.com"
			},
			{
				"id": "3225",
				"heading": "Middletown Office",
				"paragraph": "90 Crystal Run Rd<br/>Suite 301<br/>Middletown, NY<br/>10941<br> P+:  844-867-3224",
				"email": "spectrumreach@spectrum.com"
			},
			{
				"id": "3221",
				"heading": "Palisades Park Office",
				"paragraph": "200 Roosevelt Pl<br/>Palisades Park, NJ<br/>07650<br> P+:  844-867-3224",
				"email": "spectrumreach@spectrum.com"
			},
			{
				"id": "3223",
				"heading": "Rockefeller Plaza Office",
				"paragraph": "75 Rockefeller Plaza<br/>New York, NY<br/>10019<br> P+:  844-867-3224",
				"email": "spectrumreach@spectrum.com"
			},
			{
				"id": "3224",
				"heading": "Staten Island Office",
				"paragraph": "900 South Ave<br/>Suite 101<br/>Staten Island, NY<br/>10314<br> P+:  844-867-3224",
				"email": "spectrumreach@spectrum.com"
			}
		]
	},
	{
		"marketId": "3312",
		"stateId": "286",
		"statePostalCode": "NC",
		"city": "Norfolk",
		"offices": []
	},
	{
		"marketId": "279",
		"stateId": "286",
		"statePostalCode": "VA",
		"city": "Norfolk",
		"offices": [
			{
				"id": "164",
				"heading": "Nags Head Office",
				"paragraph": "2400 S Virginia Dare Trail<br/>Nags Head, NC<br/>27959<br> P+:  844-867-3224",
				"email": "spectrumreach@spectrum.com"
			}
		]
	},
	{
		"marketId": "247",
		"stateId": "54",
		"statePostalCode": "NE",
		"city": "North Platte",
		"offices": [
			{
				"id": "812",
				"heading": "North Platte Office",
				"paragraph": "601 E Walker Rd<br/>North Platte, NE<br/>69101<br> P+:  844-867-3224",
				"email": "spectrumreach@spectrum.com"
			}
		]
	},
	{
		"marketId": "248",
		"stateId": "54",
		"statePostalCode": "NE",
		"city": "Omaha",
		"offices": [
			{
				"id": "817",
				"heading": "Omaha Office",
				"paragraph": "601 E Walker Rd<br/>North Platte, NE<br/>69101<br> P+:  844-867-3224",
				"email": "spectrumreach@spectrum.com"
			}
		]
	},
	{
		"marketId": "3138",
		"stateId": "",
		"statePostalCode": "NE",
		"city": "Omaha",
		"offices": []
	},
	{
		"marketId": "3313",
		"stateId": "54",
		"statePostalCode": "NE",
		"city": "Omaha",
		"offices": []
	},
	{
		"marketId": "3389",
		"stateId": "3387",
		"statePostalCode": "FL",
		"city": "Orlando",
		"offices": [
			{
				"id": "3395",
				"heading": "Lake County Office",
				"paragraph": "1300 Citizens Blvd<br/>Suite #390<br/>Leesburg, FL<br/>34748<br> P+:  844-867-3224",
				"email": "spectrumreach@spectrum.com"
			},
			{
				"id": "3392",
				"heading": "Melbourne Office",
				"paragraph": "720 Magnolia Ave<br/>Melbourne, FL<br/>32935<br> P+:  844-867-3224",
				"email": "spectrumreach@spectrum.com"
			},
			{
				"id": "3394",
				"heading": "Orlando Office",
				"paragraph": "2251 Lucien Way<br/>Maitland, FL<br/>32751<br> P+:  844-867-3224",
				"email": "spectrumreach@spectrum.com"
			},
			{
				"id": "3396",
				"heading": "Volusia Office",
				"paragraph": "1475 S Nova Rd<br/>Daytona Beach, FL<br/>32114<br> P+:  844-867-3224",
				"email": "spectrumreach@spectrum.com"
			}
		]
	},
	{
		"marketId": "249",
		"stateId": "58|60|43",
		"statePostalCode": "MO",
		"city": "Pad/Cape Gir/Har",
		"offices": [
			{
				"id": "803",
				"heading": "Cape Girardeau Office",
				"paragraph": "1650 N Kingshighway<br/>Suite 305<br/>Cape Girardeau, MO<br/>63701<br> P+:  844-867-3224",
				"email": "spectrumreach@spectrum.com"
			},
			{
				"id": "107",
				"heading": "Carbondale Office",
				"paragraph": "2250 Reed Station Pkwy<br/>Suite 101<br/>Carbondale, IL<br/>62901<br> P+:  844-867-3224",
				"email": "spectrumreach@spectrum.com"
			},
			{
				"id": "2964",
				"heading": "Paducah Office",
				"paragraph": "2964 Jackson St<br/>Suite 3<br/>Paducah, KY<br/>42003<br> P+:  844-867-3224",
				"email": "spectrumreach@spectrum.com"
			}
		]
	},
	{
		"marketId": "3139",
		"stateId": "51",
		"statePostalCode": "CA",
		"city": "Palm Springs",
		"offices": [
			{
				"id": "3299",
				"heading": "Palm Desert Office",
				"paragraph": "73061 Fred Waring Dr<br/>Palm Desert, CA<br/>92260<br> P+:  844-867-3224",
				"email": "spectrumreach@spectrum.com"
			}
		]
	},
	{
		"marketId": "3140",
		"stateId": "3160",
		"statePostalCode": "ME",
		"city": "Portland",
		"offices": [
			{
				"id": "3219",
				"heading": "Augusta, ME Office",
				"paragraph": "264 Civic Center Dr<br/>Suite 1C<br/>Augusta, ME<br/>04330<br> P+:  844-867-3224",
				"email": "spectrumreach@spectrum.com"
			},
			{
				"id": "3218",
				"heading": "Portland, ME Office",
				"paragraph": "477 Congress St<br/>12th Floor<br/>Portland, ME<br/>04101<br> P+:  844-867-3224",
				"email": "spectrumreach@spectrum.com"
			}
		]
	},
	{
		"marketId": "3141",
		"stateId": "3160",
		"statePostalCode": "ME",
		"city": "Presque Isle",
		"offices": [
			{
				"id": "3220",
				"heading": "Pesque Isle Office",
				"paragraph": "67 Industrial St<br/>Presque Isle, ME<br/>04769<br> P+:  844-867-3224",
				"email": "spectrumreach@spectrum.com"
			}
		]
	},
	{
		"marketId": "250",
		"stateId": "58|60",
		"statePostalCode": "MO",
		"city": "Quincy/Hannibal",
		"offices": [
			{
				"id": "579",
				"heading": "Quincy/Hannibal Office",
				"paragraph": "2930 State St<br/>Quincy, IL<br/>62301<br> P+:  844-867-3224",
				"email": "spectrumreach@spectrum.com"
			}
		]
	},
	{
		"marketId": "3142",
		"stateId": "286",
		"statePostalCode": "NC",
		"city": "Raleigh-Durham",
		"offices": [
			{
				"id": "3247",
				"heading": "Fayetteville Office",
				"paragraph": "1333 Morganton Rd<br/>Suite C<br/>Fayetteville, NC<br/>28305<br> P+:  844-867-3224",
				"email": "spectrumreach@spectrum.com"
			},
			{
				"id": "3244",
				"heading": "Morrisville Office",
				"paragraph": "101 Innovation Ave<br/>Suite 100<br/>Morrisville, NC<br/>27560<br> P+:  844-867-3224",
				"email": "spectrumreach@spectrum.com"
			}
		]
	},
	{
		"marketId": "252",
		"stateId": "50|51",
		"statePostalCode": "NV",
		"city": "Reno",
		"offices": [
			{
				"id": "171",
				"heading": "Reno Office",
				"paragraph": "9335 Prototype Dr<br/>Reno, NV<br/>89521<br> P+:  844-867-3224",
				"email": "spectrumreach@spectrum.com"
			}
		]
	},
	{
		"marketId": "267",
		"stateId": "283",
		"statePostalCode": "MN",
		"city": "Roch/Mas Cty/Aus",
		"offices": [
			{
				"id": "136",
				"heading": "Rochester Office",
				"paragraph": "3993 Heritage Pl NW<br/>Rochester, MN<br/>55901<br> P+:  844-867-3224",
				"email": "spectrumreach@spectrum.com"
			}
		]
	},
	{
		"marketId": "3143",
		"stateId": "3158",
		"statePostalCode": "NY",
		"city": "Rochester",
		"offices": [
			{
				"id": "3235",
				"heading": "Pittsford Office",
				"paragraph": "1250 Pittsford Victor Rd<br/>Suite 220<br/>Pittsford, NY<br/>14534<br> P+:  844-867--3224",
				"email": "spectrumreach@spectrum.com"
			}
		]
	},
	{
		"marketId": "254",
		"stateId": "51",
		"statePostalCode": "CA",
		"city": "Sacramento/Stktn",
		"offices": []
	},
	{
		"marketId": "3144",
		"stateId": "3159",
		"statePostalCode": "TX",
		"city": "San Antonio",
		"offices": [
			{
				"id": "3282",
				"heading": "San Antonio Office",
				"paragraph": "900 Arion Pkwy<br/>Suite 101<br/>San Antonio, TX<br/>78216<br> P+:  844-867-3224",
				"email": "spectrumreach@spectrum.com"
			}
		]
	},
	{
		"marketId": "253",
		"stateId": "51",
		"statePostalCode": "CA",
		"city": "Santa Barbara/Santa Maria",
		"offices": [
			{
				"id": "94",
				"heading": "Irwindale Office",
				"paragraph": "4781 Irwindale Ave<br/>Irwindale, CA<br/>91706<br> P+:  844-867-3224",
				"email": "spectrumreach@spectrum.com"
			},
			{
				"id": "95",
				"heading": "Los Angeles Office",
				"paragraph": "11111 Santa Monica Blvd<br/>Suite 2170<br/>LA, CA<br/>90025<br> P+:  844-867-3224",
				"email": "spectrumreach@spectrum.com"
			},
			{
				"id": "97",
				"heading": "San Luis Obispo Office",
				"paragraph": "181 Tank Farm Rd<br/>Suite 210 and 220<br/>San Luis Obispo, CA<br/>93401<br> P+:  844-867-3224",
				"email": "spectrumreach@spectrum.com"
			},
			{
				"id": "802",
				"heading": "Santa Barbara Office",
				"paragraph": "1919 State St<br/>Santa Barbara, CA<br/>93101<br> P+:  844-867-3224",
				"email": "spectrumreach@spectrum.com"
			}
		]
	},
	{
		"marketId": "3145",
		"stateId": "287",
		"statePostalCode": "GA",
		"city": "Savannah",
		"offices": [
			{
				"id": "3252",
				"heading": "Bluffton Office",
				"paragraph": "26 Okatie Maintenance Yd<br/>Okatie, SC<br/>29909<br> P+:  844-867-3224",
				"email": "spectrumreach@spectrum.com"
			}
		]
	},
	{
		"marketId": "814",
		"stateId": "58|60",
		"statePostalCode": "MO",
		"city": "St. Louis",
		"offices": [
			{
				"id": "816",
				"heading": "Fairview Heights Office",
				"paragraph": "16 Executive Dr<br/>Suite 220<br/>Fairview Heights, IL<br/>62208<br> P+:  844-867-3224",
				"email": "spectrumreach@spectrum.com"
			},
			{
				"id": "147",
				"heading": "St. Louis Office",
				"paragraph": "1650 Des Peres Rd<br/>Suite 300<br/>St Louis, MO<br/>63131<br> P+:  844-867-3224",
				"email": "spectrumreach@spectrum.com"
			}
		]
	},
	{
		"marketId": "3146",
		"stateId": "3158",
		"statePostalCode": "NY",
		"city": "Syracuse",
		"offices": [
			{
				"id": "3240",
				"heading": "Ithaca Office",
				"paragraph": "517 W State St<br/>Ithaca, NY<br/>14850<br> P+:  844-867-3224",
				"email": "spectrumreach@spectrum.com"
			},
			{
				"id": "3229",
				"heading": "Syracuse Office",
				"paragraph": "815 Erie Blvd E<br/>Syracuse, NY<br/>13210<br> P+:  844-867-3224",
				"email": "spectrumreach@spectrum.com"
			}
		]
	},
	{
		"marketId": "3397",
		"stateId": "3387",
		"statePostalCode": "FL",
		"city": "Tampa",
		"offices": [
			{
				"id": "3399",
				"heading": "Hillsborough Office",
				"paragraph": "4400 W Dr M.L.K. Jr Blvd<br/>Tampa, FL<br/>33614<br> P+:  844-867-3224",
				"email": "spectrumreach@spectrum.com"
			},
			{
				"id": "3401",
				"heading": "Manatee Office",
				"paragraph": "5413 FL-64<br/>Bradenton, FL<br/>34208<br> P+:  844-867-3224",
				"email": "spectrumreach@spectrum.com"
			},
			{
				"id": "3402",
				"heading": "Pasco Office",
				"paragraph": "10555 Moon Lake Rd<br/>New Port Richey, FL<br/>34654<br> P+:  844-867-3224",
				"email": "spectrumreach@spectrum.com"
			},
			{
				"id": "3403",
				"heading": "Pinellas Office",
				"paragraph": "700 Carillon Pkwy<br/>St. Petersburg, FL<br/>33716<br> P+:  844-867-3224",
				"email": "spectrumreach@spectrum.com"
			},
			{
				"id": "3405",
				"heading": "Polk Office",
				"paragraph": "1004 US-92<br/>Auburndale, FL<br/>33823<br> P+:  844-867-3224",
				"email": "spectrumreach@spectrum.com"
			}
		]
	},
	{
		"marketId": "3147",
		"stateId": "3165",
		"statePostalCode": "OH",
		"city": "Toledo",
		"offices": [
			{
				"id": "3260",
				"heading": "Perrysburg Office",
				"paragraph": "3230 Levis Commons Blvd<br/>Perrysburg, OH<br/>43551<br> P+:  844-867-3224",
				"email": "spectrumreach@spectrum.com"
			}
		]
	},
	{
		"marketId": "269",
		"stateId": "282",
		"statePostalCode": "MI",
		"city": "Trav City/Cadillac",
		"offices": [
			{
				"id": "130",
				"heading": "Traverse City Office",
				"paragraph": "1392 Trade Centre Dr<br/>Traverse City, MI<br/>49696<br> P+:  844-867-3224",
				"email": "spectrumreach@spectrum.com"
			}
		]
	},
	{
		"marketId": "280",
		"stateId": "48",
		"statePostalCode": "TN",
		"city": "Tri-Cities",
		"offices": [
			{
				"id": "181",
				"heading": "Kingsport Office",
				"paragraph": "10453 Wallace Alley St<br/>Kingsport, TN<br/>37663<br> P+:  844-867-3224",
				"email": "spectrumreach@spectrum.com"
			}
		]
	},
	{
		"marketId": "3148",
		"stateId": "3158",
		"statePostalCode": "NY",
		"city": "Utica",
		"offices": [
			{
				"id": "3232",
				"heading": "Oneonta Office",
				"paragraph": "123 Corporate Dr<br/>Oneonta, NY<br/>13820<br> P+:  844-867-3224",
				"email": "spectrumreach@spectrum.com"
			},
			{
				"id": "3583",
				"heading": "Utica Office",
				"paragraph": "1002 Firehouse Rd<br/>Utica, NY<br/>13502<br> P+:  844-867-3224",
				"email": "spectrumreach@spectrum.com"
			}
		]
	},
	{
		"marketId": "1936",
		"stateId": "1937|284",
		"city": "Viroqua",
		"statePostalCode": "WI",
		"offices": []
	},
	{
		"marketId": "3149",
		"stateId": "3159",
		"statePostalCode": "TX",
		"city": "Waco",
		"offices": [
			{
				"id": "3278",
				"heading": "Harker Heights Office",
				"paragraph": "100 W Central Texas Expy<br/>Suite 206<br/>Harker Heights, TX<br/>76548<br> P+:  844-867-3224",
				"email": "spectrumreach@spectrum.com"
			},
			{
				"id": "3279",
				"heading": "Waco Office",
				"paragraph": "215 Factory Dr<br/>Waco, TX<br/>76710<br> P+:  844-867-3224",
				"email": "spectrumreach@spectrum.com"
			}
		]
	},
	{
		"marketId": "3150",
		"stateId": "3158",
		"statePostalCode": "NY",
		"city": "Watertown",
		"offices": [
			{
				"id": "3231",
				"heading": "Massena Office",
				"paragraph": "277 Andrews St<br/>Massena, NY<br/>13662<br> P+:  844-867-3224",
				"email": "spectrumreach@spectrum.com"
			},
			{
				"id": "3230",
				"heading": "Watertown Office",
				"paragraph": "340 Eastern Blvd<br/>Watertown, NY<br/>13601<br> P+:  844-867-3224",
				"email": "spectrumreach@spectrum.com"
			}
		]
	},
	{
		"marketId": "270",
		"stateId": "284",
		"statePostalCode": "WI",
		"city": "Wausau/Rhineland",
		"offices": [
			{
				"id": "194",
				"heading": "Schofield Office",
				"paragraph": "1519 Metro Dr<br/>Suite 400<br/>Schofield, WI<br/>54476<br> P+:  844-867-3224",
				"email": "spectrumreach@spectrum.com"
			}
		]
	},
	{
		"marketId": "3151",
		"stateId": "286|287",
		"statePostalCode": "NC",
		"city": "Wilmington",
		"offices": [
			{
				"id": "3248",
				"heading": "Wilmington Office",
				"paragraph": "2321 Scientific Park Dr<br/>Wilmington, NC<br/>28405<br> P+:  844-867-3224",
				"email": "spectrumreach@spectrum.com"
			}
		]
	},
	{
		"marketId": "3126",
		"stateId": "286|290",
		"statePostalCode": "NC",
		"city": "Winston Salem",
		"offices": [
			{
				"id": "3243",
				"heading": "Greensboro Office",
				"paragraph": "200 Centreport Dr<br/>Suite 200<br/>Greensboro, NC<br/>27409<br> P+:  844-867-3224",
				"email": "spectrumreach@spectrum.com"
			}
		]
	},
	{
		"marketId": "256",
		"stateId": "281|233",
		"statePostalCode": "WA",
		"city": "Yakima",
		"offices": [
			{
				"id": "185",
				"heading": "Kennewick Office",
				"paragraph": "7601 W Clearwater Ave<br/>Kennewick, WA<br/>99336<br> P+:  844-867-3224",
				"email": "spectrumreach@spectrum.com"
			}
		]
	},
	{
		"marketId": "3152",
		"stateId": "3165|3163",
		"statePostalCode": "OH",
		"city": "Youngstown",
		"offices": [
			{
				"id": "3267",
				"heading": "Warren Office",
				"paragraph": "8600 E Market St<br/>Suite 4<br/>Warren, OH<br/>44484<br> P+:  844-867-3224",
				"email": "spectrumreach@spectrum.com"
			}
		]
	},
	{
		"marketId": "3156",
		"stateId": "3157|51",
		"statePostalCode": "AZ",
		"city": "Yuma",
		"offices": [
			{
				"id": "3298",
				"heading": "El Centro Office",
				"paragraph": "603 Wake Ave<br/>Suite 1<br/>El Centro, CA<br/>92243<br> P+:  844-867-3224",
				"email": "spectrumreach@spectrum.com"
			},
			{
				"id": "3287",
				"heading": "Yuma Office",
				"paragraph": "350 W 16th St<br/># 201<br/>Yuma, AZ<br/>85364<br> P+:  844-867-3224",
				"email": "spectrumreach@spectrum.com"
			}
		]
	},
	{
		"marketId": "3154",
		"stateId": "3165",
		"statePostalCode": "OH",
		"city": "Zanesville",
		"offices": [
			{
				"id": "3261",
				"heading": "Zanesville Office",
				"paragraph": "737 Howard St<br/>Zanesville, OH<br/>43701<br> P+:  844-867-3224",
				"email": "spectrumreach@spectrum.com"
			}
		]
	}
]